date,hour_from,hour_to,price_pln_per_mwh,volume_mwh
2026-02-01,0,1,443.9,4279.23
2026-02-01,1,2,437.61,4113.65
2026-02-01,2,3,426.97,3823.75
2026-02-01,3,4,417.28,3901.88
2026-02-01,4,5,418.28,3818.18
2026-02-01,5,6,421.2,3947.85
2026-02-01,6,7,437.62,4673.28
2026-02-01,7,8,449.34,4201.83
2026-02-01,8,9,463.55,4641.85
2026-02-01,9,10,453.88,5372.9
2026-02-01,10,11,445.43,6254.95
2026-02-01,11,12,435.19,6051.55
2026-02-01,12,13,427.87,5848.53
2026-02-01,13,14,428.65,5397.35
2026-02-01,14,15,460.17,4912.2
2026-02-01,15,16,475.92,4760.18
2026-02-01,16,17,507.17,5912.15
2026-02-01,17,18,553.76,6281.2
2026-02-01,18,19,560.87,6629.8
2026-02-01,19,20,566.86,6492.18
2026-02-01,20,21,518.45,6396.23
2026-02-01,21,22,482.26,5585.0
2026-02-01,22,23,476.15,5053.75
2026-02-01,23,24,458.44,4235.73
2026-02-02,0,1,457.88,3818.78
2026-02-02,1,2,453.26,3721.83
2026-02-02,2,3,437.94,3857.8
2026-02-02,3,4,442.75,3758.8
2026-02-02,4,5,449.89,4081.15
2026-02-02,5,6,468.79,4444.8
2026-02-02,6,7,584.69,6270.25
2026-02-02,7,8,831.38,6884.23
2026-02-02,8,9,803.78,7327.85
2026-02-02,9,10,642.27,6501.48
2026-02-02,10,11,557.75,6571.15
2026-02-02,11,12,514.72,6211.68
2026-02-02,12,13,494.4,6139.8
2026-02-02,13,14,504.28,6011.53
2026-02-02,14,15,553.99,5876.55
2026-02-02,15,16,733.82,6682.63
2026-02-02,16,17,869.94,7509.23
2026-02-02,17,18,813.16,7713.53
2026-02-02,18,19,778.88,7499.53
2026-02-02,19,20,804.96,7292.65
2026-02-02,20,21,711.16,7431.13
2026-02-02,21,22,545.56,6471.25
2026-02-02,22,23,480.09,6409.68
2026-02-02,23,24,458.61,5318.4
2026-02-03,0,1,481.3,4417.6
2026-02-03,1,2,467.32,4611.95
2026-02-03,2,3,471.36,4657.68
2026-02-03,3,4,473.36,4579.58
2026-02-03,4,5,480.01,4742.95
2026-02-03,5,6,487.25,5172.58
2026-02-03,6,7,578.36,6483.0
2026-02-03,7,8,872.58,6577.35
2026-02-03,8,9,727.16,6294.5
2026-02-03,9,10,612.75,6233.15
2026-02-03,10,11,535.19,6037.43
2026-02-03,11,12,507.32,5766.38
2026-02-03,12,13,497.84,5715.38
2026-02-03,13,14,532.24,5364.83
2026-02-03,14,15,585.05,5725.85
2026-02-03,15,16,694.74,6231.18
2026-02-03,16,17,670.63,6434.33
2026-02-03,17,18,640.91,6632.23
2026-02-03,18,19,578.75,6572.8
2026-02-03,19,20,573.15,6384.7
2026-02-03,20,21,535.8,6246.63
2026-02-03,21,22,475.14,6157.48
2026-02-03,22,23,479.63,5945.05
2026-02-03,23,24,442.35,5517.43
2026-02-04,0,1,447.43,5376.5
2026-02-04,1,2,445.55,4989.28
2026-02-04,2,3,444.53,4787.18
2026-02-04,3,4,444.4,4827.48
2026-02-04,4,5,448.41,4956.45
2026-02-04,5,6,480.2,4797.03
2026-02-04,6,7,528.07,6049.25
2026-02-04,7,8,644.19,6414.5
2026-02-04,8,9,687.46,6707.03
2026-02-04,9,10,700.3,6969.18
2026-02-04,10,11,652.0,6524.35
2026-02-04,11,12,643.32,6703.8
2026-02-04,12,13,630.99,6459.98
2026-02-04,13,14,678.22,6436.58
2026-02-04,14,15,686.53,6847.88
2026-02-04,15,16,737.77,7080.8
2026-02-04,16,17,698.55,6991.55
2026-02-04,17,18,694.34,6817.35
2026-02-04,18,19,672.48,7273.85
2026-02-04,19,20,649.54,7411.0
2026-02-04,20,21,573.93,7043.98
2026-02-04,21,22,484.62,7252.48
2026-02-04,22,23,496.16,6597.88
2026-02-04,23,24,492.75,5141.63
2026-02-05,0,1,451.26,4218.5
2026-02-05,1,2,436.96,4243.18
2026-02-05,2,3,428.56,4152.03
2026-02-05,3,4,429.46,3962.78
2026-02-05,4,5,438.33,4274.38
2026-02-05,5,6,484.77,4510.85
2026-02-05,6,7,499.33,5944.83
2026-02-05,7,8,579.46,5840.58
2026-02-05,8,9,606.17,6176.7
2026-02-05,9,10,618.91,6173.35
2026-02-05,10,11,581.77,5745.05
2026-02-05,11,12,594.64,5978.65
2026-02-05,12,13,569.5,6514.43
2026-02-05,13,14,586.9,6429.53
2026-02-05,14,15,598.98,6556.33
2026-02-05,15,16,629.13,6539.63
2026-02-05,16,17,655.02,6508.18
2026-02-05,17,18,657.48,6804.05
2026-02-05,18,19,630.18,6695.8
2026-02-05,19,20,611.44,6628.93
2026-02-05,20,21,576.23,6410.0
2026-02-05,21,22,497.83,5804.2
2026-02-05,22,23,484.96,6706.2
2026-02-05,23,24,475.61,5536.8
2026-02-06,0,1,496.73,4513.25
2026-02-06,1,2,496.91,4451.78
2026-02-06,2,3,488.54,4323.78
2026-02-06,3,4,485.5,4415.88
2026-02-06,4,5,487.79,4332.25
2026-02-06,5,6,484.12,4732.8
2026-02-06,6,7,532.35,6820.33
2026-02-06,7,8,623.3,6960.93
2026-02-06,8,9,670.26,7380.33
2026-02-06,9,10,664.67,7497.75
2026-02-06,10,11,637.97,7264.13
2026-02-06,11,12,633.39,7401.8
2026-02-06,12,13,613.08,7398.25
2026-02-06,13,14,636.71,7899.25
2026-02-06,14,15,634.8,7757.33
2026-02-06,15,16,673.16,8152.63
2026-02-06,16,17,809.38,7786.38
2026-02-06,17,18,852.76,7596.65
2026-02-06,18,19,791.91,7562.65
2026-02-06,19,20,789.07,8060.8
2026-02-06,20,21,707.83,7657.88
2026-02-06,21,22,531.65,7007.6
2026-02-06,22,23,507.24,7648.53
2026-02-06,23,24,481.39,7028.13
2026-02-07,0,1,492.83,6491.73
2026-02-07,1,2,476.54,5809.13
2026-02-07,2,3,474.52,5557.13
2026-02-07,3,4,466.81,5462.85
2026-02-07,4,5,468.01,5237.43
2026-02-07,5,6,469.4,5345.25
2026-02-07,6,7,472.77,6063.6
2026-02-07,7,8,487.1,6498.4
2026-02-07,8,9,518.26,6784.03
2026-02-07,9,10,538.59,7417.28
2026-02-07,10,11,527.52,7636.88
2026-02-07,11,12,513.06,7975.05
2026-02-07,12,13,504.32,7919.9
2026-02-07,13,14,506.07,8299.98
2026-02-07,14,15,511.01,8078.08
2026-02-07,15,16,519.32,7692.53
2026-02-07,16,17,560.49,7316.5
2026-02-07,17,18,599.34,7456.23
2026-02-07,18,19,588.5,7540.75
2026-02-07,19,20,564.38,7422.95
2026-02-07,20,21,522.7,7299.78
2026-02-07,21,22,488.24,7005.75
2026-02-07,22,23,477.25,5954.6
2026-02-07,23,24,468.68,5280.25
2026-02-08,0,1,450.15,4554.18
2026-02-08,1,2,442.51,4035.55
2026-02-08,2,3,440.21,3475.63
2026-02-08,3,4,441.96,3266.43
2026-02-08,4,5,440.93,3257.58
2026-02-08,5,6,445.42,3180.15
2026-02-08,6,7,443.21,3276.65
2026-02-08,7,8,431.9,3818.78
2026-02-08,8,9,443.25,4137.53
2026-02-08,9,10,458.37,4981.08
2026-02-08,10,11,464.46,6009.45
2026-02-08,11,12,459.92,5996.45
2026-02-08,12,13,453.92,6335.13
2026-02-08,13,14,458.78,6569.28
2026-02-08,14,15,461.61,6589.63
2026-02-08,15,16,459.33,5661.48
2026-02-08,16,17,492.17,5492.58
2026-02-08,17,18,538.34,5411.18
2026-02-08,18,19,549.16,5276.0
2026-02-08,19,20,537.24,5471.4
2026-02-08,20,21,502.39,5109.63
2026-02-08,21,22,475.99,4777.85
2026-02-08,22,23,463.72,4262.5
2026-02-08,23,24,439.59,3845.1
2026-02-09,0,1,450.95,3559.43
2026-02-09,1,2,446.38,3333.4
2026-02-09,2,3,438.62,3409.48
2026-02-09,3,4,433.54,3767.75
2026-02-09,4,5,436.84,4045.55
2026-02-09,5,6,458.07,4090.38
2026-02-09,6,7,556.42,5511.63
2026-02-09,7,8,678.59,5858.0
2026-02-09,8,9,728.19,5994.53
2026-02-09,9,10,685.63,5631.43
2026-02-09,10,11,588.1,5561.93
2026-02-09,11,12,528.11,5609.15
2026-02-09,12,13,506.15,5647.55
2026-02-09,13,14,542.1,5397.53
2026-02-09,14,15,593.67,5200.65
2026-02-09,15,16,668.71,6409.15
2026-02-09,16,17,772.84,6949.3
2026-02-09,17,18,884.89,6663.58
2026-02-09,18,19,828.65,6739.9
2026-02-09,19,20,753.97,6834.9
2026-02-09,20,21,658.82,6529.6
2026-02-09,21,22,580.21,5685.43
2026-02-09,22,23,538.65,6166.48
2026-02-09,23,24,481.31,5642.53
2026-02-10,0,1,465.31,5720.23
2026-02-10,1,2,459.34,5727.13
2026-02-10,2,3,453.6,5912.28
2026-02-10,3,4,455.85,6163.6
2026-02-10,4,5,459.73,5961.28
2026-02-10,5,6,479.81,5830.0
2026-02-10,6,7,597.82,6713.45
2026-02-10,7,8,809.56,7213.33
2026-02-10,8,9,779.4,7557.65
2026-02-10,9,10,714.89,7056.25
2026-02-10,10,11,603.15,6257.35
2026-02-10,11,12,576.93,6093.98
2026-02-10,12,13,565.65,5658.73
2026-02-10,13,14,597.85,6341.23
2026-02-10,14,15,638.81,6491.48
2026-02-10,15,16,668.96,6599.6
2026-02-10,16,17,772.9,7021.18
2026-02-10,17,18,841.35,7999.15
2026-02-10,18,19,764.5,7151.15
2026-02-10,19,20,710.57,6656.25
2026-02-10,20,21,628.76,6320.75
2026-02-10,21,22,526.51,5618.28
2026-02-10,22,23,495.17,6360.93
2026-02-10,23,24,452.9,5581.55
2026-02-11,0,1,470.87,3899.08
2026-02-11,1,2,462.8,4170.13
2026-02-11,2,3,455.97,4051.4
2026-02-11,3,4,463.89,3920.58
2026-02-11,4,5,470.09,3892.08
2026-02-11,5,6,471.35,4556.28
2026-02-11,6,7,504.11,6067.23
2026-02-11,7,8,580.6,5768.95
2026-02-11,8,9,596.45,5560.7
2026-02-11,9,10,566.24,5357.75
2026-02-11,10,11,547.06,5219.63
2026-02-11,11,12,527.68,5225.68
2026-02-11,12,13,500.44,5385.3
2026-02-11,13,14,508.13,5601.83
2026-02-11,14,15,523.77,6064.85
2026-02-11,15,16,559.66,6512.55
2026-02-11,16,17,618.72,7067.2
2026-02-11,17,18,635.51,7094.68
2026-02-11,18,19,601.8,7002.0
2026-02-11,19,20,623.39,7222.3
2026-02-11,20,21,577.5,7135.38
2026-02-11,21,22,495.12,6331.13
2026-02-11,22,23,473.39,6777.15
2026-02-11,23,24,438.72,6348.83
2026-02-12,0,1,465.28,4887.5
2026-02-12,1,2,462.62,4474.25
2026-02-12,2,3,467.95,4768.13
2026-02-12,3,4,466.15,4786.15
2026-02-12,4,5,462.25,4844.95
2026-02-12,5,6,455.49,5370.83
2026-02-12,6,7,510.72,6064.03
2026-02-12,7,8,565.35,5908.0
2026-02-12,8,9,568.18,6734.8
2026-02-12,9,10,541.76,6568.88
2026-02-12,10,11,505.84,5625.88
2026-02-12,11,12,487.45,5933.38
2026-02-12,12,13,474.31,6139.25
2026-02-12,13,14,482.42,6377.83
2026-02-12,14,15,505.11,6118.8
2026-02-12,15,16,555.11,6226.73
2026-02-12,16,17,611.82,6537.75
2026-02-12,17,18,640.0,6649.0
2026-02-12,18,19,589.07,6181.58
2026-02-12,19,20,581.44,6469.53
2026-02-12,20,21,552.24,6191.63
2026-02-12,21,22,457.18,5506.75
2026-02-12,22,23,452.77,5794.65
2026-02-12,23,24,440.73,5185.75
2026-02-13,0,1,435.63,4009.75
2026-02-13,1,2,404.54,4008.53
2026-02-13,2,3,396.9,3747.7
2026-02-13,3,4,398.3,3591.4
2026-02-13,4,5,408.53,3561.13
2026-02-13,5,6,429.56,3882.25
2026-02-13,6,7,455.03,6024.9
2026-02-13,7,8,509.91,5054.25
2026-02-13,8,9,538.61,5059.75
2026-02-13,9,10,500.03,5388.23
2026-02-13,10,11,471.7,4532.63
2026-02-13,11,12,456.16,4455.2
2026-02-13,12,13,431.1,4802.23
2026-02-13,13,14,434.36,4951.03
2026-02-13,14,15,449.35,5382.7
2026-02-13,15,16,512.63,5600.95
2026-02-13,16,17,559.84,5595.13
2026-02-13,17,18,611.89,5738.75
2026-02-13,18,19,595.83,5665.05
2026-02-13,19,20,569.77,6093.03
2026-02-13,20,21,537.92,5914.48
2026-02-13,21,22,491.78,4951.63
2026-02-13,22,23,475.89,5721.65
2026-02-13,23,24,445.63,5145.33
2026-02-14,0,1,447.73,5216.13
2026-02-14,1,2,437.81,4618.65
2026-02-14,2,3,442.3,4523.78
2026-02-14,3,4,431.49,4249.93
2026-02-14,4,5,431.6,4260.23
2026-02-14,5,6,436.61,4526.03
2026-02-14,6,7,438.45,5439.03
2026-02-14,7,8,446.62,6203.7
2026-02-14,8,9,470.92,6833.6
2026-02-14,9,10,491.94,7338.23
2026-02-14,10,11,480.55,7449.55
2026-02-14,11,12,489.62,7624.63
2026-02-14,12,13,476.75,7455.0
2026-02-14,13,14,497.76,7628.98
2026-02-14,14,15,512.8,7878.28
2026-02-14,15,16,514.93,8209.0
2026-02-14,16,17,565.54,8252.78
2026-02-14,17,18,637.11,9135.03
2026-02-14,18,19,627.97,8855.65
2026-02-14,19,20,591.45,8608.3
2026-02-14,20,21,541.08,8025.98
2026-02-14,21,22,503.67,7045.75
2026-02-14,22,23,478.04,6295.63
2026-02-14,23,24,458.27,5761.48
2026-02-15,0,1,446.14,5125.2
2026-02-15,1,2,429.95,4427.25
2026-02-15,2,3,431.98,3927.18
2026-02-15,3,4,431.09,3622.73
2026-02-15,4,5,429.78,3824.93
2026-02-15,5,6,430.6,4174.33
2026-02-15,6,7,429.3,4704.93
2026-02-15,7,8,436.1,4541.98
2026-02-15,8,9,434.17,5046.73
2026-02-15,9,10,433.07,5111.25
2026-02-15,10,11,439.76,4862.5
2026-02-15,11,12,442.98,4517.08
2026-02-15,12,13,431.42,4609.73
2026-02-15,13,14,452.23,5120.68
2026-02-15,14,15,472.16,4692.95
2026-02-15,15,16,484.32,5734.88
2026-02-15,16,17,483.48,7073.03
2026-02-15,17,18,582.74,7568.98
2026-02-15,18,19,582.32,7477.1
2026-02-15,19,20,606.32,7522.7
2026-02-15,20,21,580.36,6851.28
2026-02-15,21,22,504.35,6439.13
2026-02-15,22,23,459.67,5736.95
2026-02-15,23,24,425.92,4626.58
2026-02-16,0,1,438.1,4173.38
2026-02-16,1,2,429.08,3790.45
2026-02-16,2,3,421.5,3700.13
2026-02-16,3,4,414.6,3486.9
2026-02-16,4,5,414.23,3747.65
2026-02-16,5,6,426.62,4568.25
2026-02-16,6,7,513.91,5579.33
2026-02-16,7,8,603.9,5937.0
2026-02-16,8,9,548.5,5798.28
2026-02-16,9,10,470.44,5379.23
2026-02-16,10,11,442.32,5504.68
2026-02-16,11,12,435.9,5743.48
2026-02-16,12,13,423.61,5384.9
2026-02-16,13,14,441.04,5240.1
2026-02-16,14,15,483.41,5371.65
2026-02-16,15,16,552.82,6079.23
2026-02-16,16,17,586.85,5733.08
2026-02-16,17,18,646.54,6515.9
2026-02-16,18,19,605.11,6464.68
2026-02-16,19,20,597.98,6415.43
2026-02-16,20,21,551.51,6183.5
2026-02-16,21,22,485.48,5597.98
2026-02-16,22,23,457.93,5971.65
2026-02-16,23,24,425.2,5450.5
2026-02-17,0,1,453.08,4230.43
2026-02-17,1,2,440.86,4380.2
2026-02-17,2,3,445.52,4306.75
2026-02-17,3,4,450.37,4415.88
2026-02-17,4,5,435.03,4875.98
2026-02-17,5,6,425.77,5664.78
2026-02-17,6,7,509.7,6350.25
2026-02-17,7,8,616.21,6406.43
2026-02-17,8,9,637.27,6718.85
2026-02-17,9,10,612.98,6945.3
2026-02-17,10,11,529.87,6888.53
2026-02-17,11,12,525.14,6945.35
2026-02-17,12,13,511.22,7300.3
2026-02-17,13,14,569.0,7910.78
2026-02-17,14,15,611.19,7968.18
2026-02-17,15,16,693.39,7460.68
2026-02-17,16,17,766.54,7525.73
2026-02-17,17,18,922.76,8001.85
2026-02-17,18,19,782.08,7959.15
2026-02-17,19,20,739.58,8037.1
2026-02-17,20,21,681.31,7350.6
2026-02-17,21,22,543.56,6181.55
2026-02-17,22,23,474.92,6837.3
2026-02-17,23,24,440.12,6761.4
2026-02-18,0,1,441.8,6763.35
2026-02-18,1,2,431.78,6795.33
2026-02-18,2,3,431.9,6471.03
2026-02-18,3,4,427.78,6497.63
2026-02-18,4,5,429.17,6617.18
2026-02-18,5,6,450.07,6473.08
2026-02-18,6,7,550.92,7197.4
2026-02-18,7,8,784.78,7208.15
2026-02-18,8,9,824.93,7864.58
2026-02-18,9,10,618.55,7907.45
2026-02-18,10,11,534.28,6963.55
2026-02-18,11,12,492.05,6583.08
2026-02-18,12,13,466.93,6701.05
2026-02-18,13,14,465.74,6927.6
2026-02-18,14,15,486.94,6645.85
2026-02-18,15,16,559.8,6940.03
2026-02-18,16,17,657.57,7793.03
2026-02-18,17,18,759.09,8157.03
2026-02-18,18,19,760.77,7662.15
2026-02-18,19,20,754.56,7686.98
2026-02-18,20,21,685.32,7664.98
2026-02-18,21,22,559.92,6539.73
2026-02-18,22,23,483.97,7153.18
2026-02-18,23,24,449.17,6608.83
2026-02-19,0,1,437.62,6413.53
2026-02-19,1,2,432.43,6559.53
2026-02-19,2,3,423.82,6644.3
2026-02-19,3,4,434.53,6710.18
2026-02-19,4,5,437.48,6386.15
2026-02-19,5,6,438.15,5702.63
2026-02-19,6,7,578.28,6894.95
2026-02-19,7,8,767.0,7262.58
2026-02-19,8,9,652.29,6882.9
2026-02-19,9,10,525.96,6220.88
2026-02-19,10,11,463.18,5664.7
2026-02-19,11,12,441.79,5765.3
2026-02-19,12,13,432.74,5649.63
2026-02-19,13,14,438.84,6006.83
2026-02-19,14,15,461.32,6200.88
2026-02-19,15,16,577.82,5951.98
2026-02-19,16,17,735.99,7291.93
2026-02-19,17,18,877.52,7713.48
2026-02-19,18,19,815.97,7592.85
2026-02-19,19,20,734.99,7567.68
2026-02-19,20,21,618.98,6933.08
2026-02-19,21,22,508.28,5848.43
2026-02-19,22,23,452.18,6526.95
2026-02-19,23,24,424.62,6221.7
2026-02-20,0,1,444.42,6156.9
2026-02-20,1,2,435.77,5567.33
2026-02-20,2,3,431.09,5201.65
2026-02-20,3,4,431.07,5325.93
2026-02-20,4,5,429.04,5341.6
2026-02-20,5,6,445.31,5960.3
2026-02-20,6,7,587.36,5829.83
2026-02-20,7,8,736.25,6887.0
2026-02-20,8,9,622.86,6523.4
2026-02-20,9,10,500.19,4986.0
2026-02-20,10,11,428.02,4840.6
2026-02-20,11,12,413.93,4987.25
2026-02-20,12,13,398.18,5128.5
2026-02-20,13,14,397.62,5146.5
2026-02-20,14,15,433.32,5244.73
2026-02-20,15,16,511.43,5746.1
2026-02-20,16,17,649.44,6816.18
2026-02-20,17,18,820.31,7028.85
2026-02-20,18,19,657.56,6626.83
2026-02-20,19,20,589.33,5951.13
2026-02-20,20,21,524.91,5995.25
2026-02-20,21,22,422.11,5557.4
2026-02-20,22,23,436.43,5146.7
2026-02-20,23,24,369.46,5016.5
2026-02-21,0,1,369.11,5243.88
2026-02-21,1,2,340.71,4851.75
2026-02-21,2,3,339.96,4665.63
2026-02-21,3,4,329.87,4549.65
2026-02-21,4,5,339.98,4751.15
2026-02-21,5,6,339.28,4809.68
2026-02-21,6,7,370.2,5035.55
2026-02-21,7,8,374.41,5046.2
2026-02-21,8,9,378.61,5072.73
2026-02-21,9,10,374.58,5322.13
2026-02-21,10,11,371.87,6065.35
2026-02-21,11,12,376.88,5839.48
2026-02-21,12,13,377.22,5659.83
2026-02-21,13,14,397.85,5729.5
2026-02-21,14,15,403.03,6050.9
2026-02-21,15,16,395.06,6207.88
2026-02-21,16,17,424.65,5413.73
2026-02-21,17,18,460.29,5791.1
2026-02-21,18,19,459.26,5624.9
2026-02-21,19,20,438.68,5462.98
2026-02-21,20,21,411.61,5626.68
2026-02-21,21,22,382.83,5258.63
2026-02-21,22,23,365.55,5264.15
2026-02-21,23,24,311.66,5453.48
2026-02-22,0,1,263.96,5509.68
2026-02-22,1,2,250.73,4999.28
2026-02-22,2,3,248.71,4961.03
2026-02-22,3,4,257.18,4912.4
2026-02-22,4,5,286.42,5203.38
2026-02-22,5,6,314.88,4873.18
2026-02-22,6,7,361.08,4400.38
2026-02-22,7,8,384.93,4096.3
2026-02-22,8,9,369.46,5283.7
2026-02-22,9,10,380.99,6574.58
2026-02-22,10,11,387.25,7275.38
2026-02-22,11,12,402.82,7300.53
2026-02-22,12,13,407.93,7370.4
2026-02-22,13,14,416.8,7224.45
2026-02-22,14,15,408.75,6994.88
2026-02-22,15,16,427.21,5858.63
2026-02-22,16,17,444.09,5385.43
2026-02-22,17,18,449.77,5511.45
2026-02-22,18,19,445.8,5713.5
2026-02-22,19,20,447.02,5617.43
2026-02-22,20,21,434.33,5771.35
2026-02-22,21,22,390.76,5160.38
2026-02-22,22,23,350.58,5556.08
2026-02-22,23,24,265.62,5575.08
2026-02-23,0,1,257.5,5480.08
2026-02-23,1,2,244.27,4941.58
2026-02-23,2,3,201.12,4724.73
2026-02-23,3,4,201.88,4991.4
2026-02-23,4,5,215.41,5158.18
2026-02-23,5,6,263.91,5527.48
2026-02-23,6,7,403.52,5026.7
2026-02-23,7,8,472.82,4852.88
2026-02-23,8,9,479.71,4343.05
2026-02-23,9,10,442.19,5177.73
2026-02-23,10,11,396.82,5063.93
2026-02-23,11,12,400.32,5182.95
2026-02-23,12,13,395.93,4830.48
2026-02-23,13,14,398.09,4701.98
2026-02-23,14,15,394.41,5202.45
2026-02-23,15,16,457.33,5032.65
2026-02-23,16,17,556.09,5317.63
2026-02-23,17,18,622.41,6176.23
2026-02-23,18,19,603.05,5763.18
2026-02-23,19,20,589.26,6219.23
2026-02-23,20,21,551.57,5894.25
2026-02-23,21,22,434.84,4274.5
2026-02-23,22,23,420.05,5578.33
2026-02-23,23,24,387.96,4722.3
2026-02-24,0,1,392.7,3331.68
2026-02-24,1,2,389.21,2953.43
2026-02-24,2,3,395.67,3299.48
2026-02-24,3,4,393.01,3468.28
2026-02-24,4,5,392.44,3675.5
2026-02-24,5,6,424.92,3785.33
2026-02-24,6,7,488.38,5181.23
2026-02-24,7,8,581.6,5718.68
2026-02-24,8,9,671.96,5913.9
2026-02-24,9,10,597.73,6325.25
2026-02-24,10,11,522.12,4811.55
2026-02-24,11,12,486.79,5278.25
2026-02-24,12,13,449.93,5285.68
2026-02-24,13,14,443.75,6153.95
2026-02-24,14,15,449.54,5250.48
2026-02-24,15,16,494.02,4950.78
2026-02-24,16,17,592.36,5965.48
2026-02-24,17,18,743.43,6280.8
2026-02-24,18,19,785.45,6612.7
2026-02-24,19,20,701.55,7694.38
2026-02-24,20,21,580.52,7520.65
2026-02-24,21,22,505.37,5604.95
2026-02-24,22,23,460.19,6444.2
2026-02-24,23,24,423.06,6089.58
2026-02-25,0,1,419.32,4813.53
2026-02-25,1,2,411.28,4459.1
2026-02-25,2,3,403.81,4120.48
2026-02-25,3,4,398.86,3719.35
2026-02-25,4,5,400.42,4035.43
2026-02-25,5,6,425.73,5023.83
2026-02-25,6,7,507.96,5580.98
2026-02-25,7,8,583.21,5539.4
2026-02-25,8,9,535.52,5698.8
2026-02-25,9,10,466.63,5783.7
2026-02-25,10,11,404.71,6131.65
2026-02-25,11,12,384.8,6023.53
2026-02-25,12,13,383.37,6236.85
2026-02-25,13,14,389.03,7005.8
2026-02-25,14,15,400.13,7275.63
2026-02-25,15,16,410.47,7239.5
2026-02-25,16,17,550.1,6225.3
2026-02-25,17,18,795.1,7187.93
2026-02-25,18,19,767.47,6892.88
2026-02-25,19,20,746.11,6858.28
2026-02-25,20,21,642.35,6117.8
2026-02-25,21,22,511.82,4970.78
2026-02-25,22,23,425.41,5869.15
2026-02-25,23,24,395.61,4759.08
2026-02-26,0,1,393.91,4006.23
2026-02-26,1,2,387.76,3161.95
2026-02-26,2,3,380.98,3085.93
2026-02-26,3,4,369.98,3025.25
2026-02-26,4,5,374.57,3236.85
2026-02-26,5,6,381.92,3736.15
2026-02-26,6,7,450.49,4455.2
2026-02-26,7,8,463.23,3914.15
2026-02-26,8,9,389.27,4898.1
2026-02-26,9,10,332.05,5900.85
2026-02-26,10,11,254.71,7195.05
2026-02-26,11,12,188.55,7719.43
2026-02-26,12,13,79.8,7905.65
2026-02-26,13,14,93.59,6901.05
2026-02-26,14,15,201.14,6304.5
2026-02-26,15,16,342.36,5485.88
2026-02-26,16,17,413.59,4739.53
2026-02-26,17,18,478.18,4572.6
2026-02-26,18,19,478.87,4889.25
2026-02-26,19,20,450.12,5737.65
2026-02-26,20,21,438.92,5392.35
2026-02-26,21,22,413.53,4809.95
2026-02-26,22,23,407.21,4555.23
2026-02-26,23,24,371.22,4165.8
2026-02-27,0,1,348.39,4379.65
2026-02-27,1,2,343.99,4105.13
2026-02-27,2,3,330.23,4061.9
2026-02-27,3,4,344.69,4116.88
2026-02-27,4,5,363.6,4008.35
2026-02-27,5,6,394.94,4367.08
2026-02-27,6,7,499.48,4970.25
2026-02-27,7,8,482.47,5181.95
2026-02-27,8,9,390.31,5353.3
2026-02-27,9,10,327.7,6219.0
2026-02-27,10,11,235.09,6222.95
2026-02-27,11,12,210.13,6616.1
2026-02-27,12,13,181.43,6748.3
2026-02-27,13,14,218.32,6719.03
2026-02-27,14,15,289.37,6698.13
2026-02-27,15,16,368.5,5895.13
2026-02-27,16,17,438.4,6190.78
2026-02-27,17,18,538.5,6538.23
2026-02-27,18,19,526.18,5987.78
2026-02-27,19,20,511.14,5852.1
2026-02-27,20,21,463.98,5710.75
2026-02-27,21,22,387.63,4674.63
2026-02-27,22,23,392.53,4879.48
2026-02-27,23,24,362.72,4474.13
2026-02-28,0,1,376.05,5053.68
2026-02-28,1,2,362.13,4800.8
2026-02-28,2,3,360.13,4827.65
2026-02-28,3,4,359.99,4684.28
2026-02-28,4,5,366.53,4426.88
2026-02-28,5,6,377.67,4406.5
2026-02-28,6,7,403.72,5103.58
2026-02-28,7,8,370.27,4939.6
2026-02-28,8,9,279.22,5471.38
2026-02-28,9,10,124.32,7077.95
2026-02-28,10,11,9.24,7908.18
2026-02-28,11,12,10.89,6585.0
2026-02-28,12,13,10.41,5727.95
2026-02-28,13,14,12.83,5497.4
2026-02-28,14,15,34.78,5635.73
2026-02-28,15,16,305.51,5933.73
2026-02-28,16,17,405.65,5631.03
2026-02-28,17,18,455.64,5911.18
2026-02-28,18,19,465.24,5640.05
2026-02-28,19,20,447.03,5371.83
2026-02-28,20,21,422.79,5716.48
2026-02-28,21,22,408.04,5188.28
2026-02-28,22,23,403.97,4486.1
2026-02-28,23,24,360.93,4470.65
